cluster,avg(recency_days),avg(order_count),avg(log_total_spent),avg(completion_rate),avg(refund_rate),avg(avg_review_score),avg(click_through_rate),avg(favorite_rate),avg(cart_rate),avg(engagement_score),avg(member_level_score),avg(credit_score),avg(log_account_balance),cluster_name
0,45.38391167192429,3.3,8.748950453604941,0.6400630345819621,0.027435281157678633,3.9367034700315457,0.4513067698162337,0.18576861449101198,0.11034762906214006,1.6211198738170352,2.4782334384858045,648.777287066246,7.909684457012834,高价值核心群体
1,142.01554404145077,0.696027633851468,3.9583789862871996,0.04951065054691998,0.06217616580310881,3.006908462867012,0.5956472571757546,0.3130774186473669,0.20262220029059405,2.0230569948186528,2.4455958549222796,652.5682210708118,7.869393379594171,流失风险群体
2,48.54516386890488,3.3061550759392486,8.716180208785252,0.6519516122034108,0.02857806994497642,4.006648014921396,1.1209280194891706,0.8477662314592771,0.6044913275728624,3.3225019984012794,2.537170263788969,650.0335731414868,7.962942682784045,潜力成长群体
