cluster,avg(recency_days),avg(order_count),avg(log_total_spent),avg(completion_rate),avg(refund_rate),avg(avg_review_score),avg(click_through_rate),avg(favorite_rate),avg(cart_rate),avg(member_level_score),avg(credit_score),avg(log_account_balance),cluster_name
0,42.5816091954023,3.4339080459770117,8.827882928944058,0.6577725634837703,0.024998642002952348,4.011254789272031,0.4520181080094873,0.2394072705710637,0.1480405035577449,2.479022988505747,650.5747126436781,7.904862739426107,高价值核心群体
1,128.87076537013803,0.9397741530740276,4.985529833352291,0.14648682559598494,0.05938937682977834,3.0225846925972397,0.5454163430324033,0.3051985620680728,0.20116010435960247,2.4554579673776664,648.5432873274781,7.901308153382586,流失风险群体
2,49.695712309820195,3.1825726141078836,8.624503377968457,0.6465552313062686,0.033737758322820555,3.9619640387275243,1.6183725218994924,1.0433379437528818,0.7577224527431997,2.575380359612725,645.5933609958506,8.002012254812962,潜力成长群体
