cluster,avg(recency_days),avg(order_count),avg(log_total_spent),avg(completion_rate),avg(refund_rate),avg(avg_review_score),avg(click_through_rate),avg(favorite_rate),avg(cart_rate),avg(engagement_score),avg(credit_score),avg(log_account_balance),cluster_name
0,45.49137119548164,3.289614057106997,8.743893560310147,0.6366383703456187,0.027953093171166597,3.9314454554962865,0.45267069593238407,0.18533725800748077,0.11064804438667003,1.621838719799184,648.8606840288672,7.911013178156648,高价值核心群体
1,48.552274541101355,3.3048683160415004,8.713229009499818,0.6525337591379091,0.028173316441472866,4.0057063048683155,1.1215064796868468,0.8481821406402413,0.6031939218890536,3.320869912210695,649.7677573822825,7.962743093590245,潜力成长群体
2,144.65535714285716,0.6696428571428571,3.831341226011774,0.04761904761904762,0.061309523809523814,3.007142857142857,0.5890965136054422,0.31655683106575966,0.20518140589569162,2.0301785714285714,652.8125,7.8607208868298635,流失风险群体
