cluster,avg(recency_days),avg(order_count),avg(log_total_spent),avg(log_avg_order_amount),avg(total_quantity),avg(click),avg(favorite),avg(cart),avg(avg_duration_seconds),avg(member_level_score),avg(click_through_rate),avg(favorite_rate),avg(cart_rate),avg(completion_rate),avg(refund_rate),avg(avg_review_score),avg(credit_score),avg(log_account_balance),cluster_name
0,46.08817354793562,3.438768369489153,8.795754154022884,7.698146314794168,10.444366689993002,1.6808957312806159,0.5052484254723583,0.2834149755073478,271.80510700422354,2.4485654303708886,0.6264251280171504,0.16553020205049593,0.09075874459884256,0.6087855646025694,0.03146916162136596,3.964637275484021,648.7533240027991,7.894090791624663,高价值核心群体
1,57.31396588486141,2.752132196162047,8.396830512264192,7.536081735576621,7.945628997867804,1.3011727078891258,1.4733475479744136,1.0602345415778252,163.18674050866215,2.546908315565032,0.6460122855112195,0.6711702964767997,0.4802879733983146,0.6030643974007514,0.036131206213828815,3.786105188343994,649.9616204690832,7.9592043022529495,潜力成长群体
2,178.88345864661653,0.03383458646616541,0.1477308232077825,0.1477308232077825,0.08270676691729323,1.5789473684210527,0.9323308270676691,0.5639097744360902,231.144885617724,2.518796992481203,0.6600041771094403,0.37034998209810244,0.23657954409834106,0.007518796992481203,0.0037593984962406013,3.0037593984962405,654.8421052631579,7.890755782664371,流失风险群体
