cluster,avg(recency_days),avg(order_count),avg(log_total_spent),avg(completion_rate),avg(refund_rate),avg(avg_review_score),avg(click_through_rate),avg(favorite_rate),avg(cart_rate),avg(credit_score),avg(log_account_balance),cluster_name
0,52.82008368200837,2.728033472803347,8.591161163470376,0.30941422594142265,0.4589958158995816,3.4665271966527196,0.5875024905359634,0.30187288304443116,0.23331340904562667,648.1757322175732,7.897619320714861,一般活跃群体
1,68.19107142857143,2.1714285714285713,8.137476356347852,0.5155257936507937,0.0014285714285714286,3.163392857142857,0.4419980631141346,0.23317767384731666,0.14332364890400606,649.2892857142857,7.934255018072308,一般活跃群体
2,53.015228426395936,3.1573604060913705,8.63096742573328,0.673791394730481,0.013019700265893159,3.995981387478849,1.6751269035532992,1.4875211505922161,0.2296954314720812,655.6040609137056,8.028102523814379,潜力成长群体
3,36.23106985832926,4.020517830972154,9.046646398986795,0.702056249943402,0.016119783706495965,4.511358085002443,0.4836698691852577,0.23491191135304465,0.13973119780398724,649.9091353199805,7.8820546158649565,高价值核心群体
4,45.394666666666666,3.248,8.651544465973695,0.6150444444444444,0.02265079365079365,3.961333333333333,1.2457777777777774,0.532,1.3026666666666666,638.7866666666666,7.97528630838225,中等价值稳定群体
5,179.48301886792453,0.03018867924528302,0.15982074052629103,0.0,0.0,3.0,0.670167714884696,0.37879155435759215,0.23306978137166817,655.5320754716981,7.8727161696771395,流失风险群体
