cluster,avg(recency_days),avg(order_count),avg(log_total_spent),avg(completion_rate),avg(refund_rate),avg(avg_review_score),avg(click_through_rate),avg(favorite_rate),avg(cart_rate),avg(credit_score),avg(log_account_balance),cluster_name
0,179.42910447761193,0.041044776119402986,0.22048528546977836,0.0037313432835820895,0.0,3.0,0.6719941956882255,0.3745513503909027,0.23792347784885098,655.5970149253732,7.8699123388505265,流失风险群体
1,37.39814405656209,3.901458241272647,8.99980303329482,0.7069106962169269,0.0203767889693652,4.510752688172043,0.4774349613169764,0.2625961814980816,0.16485438629716134,650.0410958904109,7.904120451328676,高价值核心群体
2,66.28817204301075,2.2666666666666666,8.200666075438301,0.4743599590373785,0.04933307731694829,3.1231182795698924,0.45588176309950496,0.25380589691073563,0.1603995989076634,650.010752688172,7.936901748790835,中等价值稳定群体
3,50.589490968801314,3.1921182266009853,8.622549410527057,0.6407381343341935,0.03423449839705997,3.9603174603174605,1.7558839627805143,1.0903119868637112,0.8015873015873017,643.4975369458128,7.935831610441473,潜力成长群体
