cluster,avg(recency_days),avg(order_count),avg(log_total_spent),avg(completion_rate),avg(refund_rate),avg(avg_review_score),avg(click_through_rate),avg(favorite_rate),avg(cart_rate),avg(credit_score),avg(log_account_balance),cluster_name
0,42.36623376623377,3.4435786435786437,8.828988438245128,0.6602593133978415,0.02477978090532203,4.016257816257816,0.4526878764974004,0.23903914427723952,0.15007627293341577,650.789898989899,7.904131700915792,高价值核心群体
1,127.04842615012106,0.9624697336561744,5.0928684081901805,0.15324858757062146,0.05811138014527844,3.023002421307506,0.5457905761174526,0.31066576348053343,0.20196683193051232,647.3159806295399,7.904793457642191,流失风险群体
2,49.482369534555716,3.205923836389281,8.647195442163387,0.6472159363908307,0.03506215223422557,3.9764927127409497,1.6338740009402912,1.0519511048425014,0.7566995768688294,645.9562764456982,8.003588225659914,潜力成长群体
