cluster,avg(recency_days),avg(order_count),avg(log_total_spent),avg(completion_rate),avg(refund_rate),avg(avg_review_score),avg(click_through_rate),avg(favorite_rate),avg(cart_rate),avg(credit_score),avg(log_account_balance),cluster_name
0,44.988722950320025,3.3520268210911306,8.770939358549127,0.6562932411149418,0.010106540653629953,3.9817890886924725,0.43341654451072315,0.21547123167056112,0.1321925661456292,651.1481255714721,7.904748306174423,高价值核心群体
1,145.04795737122558,0.6767317939609236,3.8347272239590158,0.08170515097690943,0.0,3.0106571936056836,0.5581712199385378,0.3157877301305365,0.19710451380078378,649.6660746003553,7.869153117706892,流失风险群体
2,50.833333333333336,3.2333333333333334,8.65573428287583,0.6850542866719338,0.011598075127486892,3.9825163398692816,1.6385620915032677,1.302777777777778,0.20784313725490203,649.6764705882352,8.020817250411065,潜力成长群体
3,52.98755186721991,2.7468879668049793,8.585754348661435,0.3119146413752224,0.458377790950405,3.5,0.5874678917210038,0.3021339656194427,0.22964829085161037,647.8796680497925,7.903065327110492,一般活跃群体
4,46.565432098765434,3.234567901234568,8.666718684927437,0.6158289241622574,0.022660199882422103,3.9477366255144037,1.1463374485596707,0.5153909465020576,1.2772839506172842,637.0370370370371,7.976918153846929,中等价值稳定群体
