cluster,avg(recency_days),avg(order_count),avg(log_total_spent),avg(log_avg_order_amount),avg(log_total_quantity),avg(completion_rate),avg(refund_rate),avg(cancel_rate),avg(review_rate),avg(avg_review_score),avg(browse),avg(click_through_rate),avg(favorite_rate),avg(cart_rate),avg(cart_to_favorite_ratio),avg(avg_duration_seconds),avg(engagement_score),avg(member_level_score),avg(credit_score),avg(log_account_balance),avg(age),avg(registration_days),cluster_name
0,51.44634224943603,3.1234289397357395,8.622339252167105,7.633803702150243,2.185810578555416,0.5779497242114064,0.03394679496033025,0.073557347332726,0.25351314814737314,3.819303899452144,3.292942313889784,0.5115952815759456,0.2159755791885988,0.06052181964202588,0.21801482436351918,258.6600057666043,1.5637931034482757,2.455043506284241,648.6342249436029,7.906771654762763,31.920399613277475,936.8088946181115,潜力成长群体
1,179.31439393939394,0.026515151515151516,0.12176689976953302,0.12176689976953302,0.026011110925991975,0.003787878787878788,0.003787878787878788,0.011363636363636364,0.0,3.0,3.003787878787879,0.6687920875420875,0.3769435425685426,0.23584656084656086,0.47853535353535354,231.09230358236042,2.121022727272727,2.518939393939394,655.2045454545455,7.890972628034888,31.40530303030303,944.405303030303,流失风险群体
2,48.8958971218616,3.2461726883037354,8.660594397528849,7.629178538447872,2.2057692074046646,0.6606735817084867,0.03207844581084018,0.05826185279645169,0.34379604881748177,4.035129618289446,2.3998775260257195,0.8657451958125564,0.6497419298399091,0.5960050156008515,1.0684170238824249,171.96049880411485,3.0951316595223517,2.5492957746478875,650.316595223515,7.944758464879657,31.333741579914268,935.9914268218004,高价值核心群体
