cluster,avg(recency_days),avg(order_count),avg(log_total_spent),avg(log_avg_order_amount),avg(log_total_quantity),avg(completion_rate),avg(refund_rate),avg(cancel_rate),avg(review_rate),avg(avg_review_score),avg(browse),avg(click_through_rate),avg(favorite_rate),avg(cart_rate),avg(cart_to_favorite_ratio),avg(avg_duration_seconds),avg(engagement_score),avg(member_level_score),avg(credit_score),avg(log_account_balance),avg(age),avg(registration_days),cluster_name
0,42.38856371004052,3.6947321026564612,8.870217879769216,7.681369986858116,2.364301714449418,0.7086436900934876,0.022181474286381984,0.051778466918043685,0.46938262847763085,4.486605132823053,3.2233228275551555,0.5404032932398536,0.2699763441321298,0.09321198087519564,0.29217319525739155,248.642295142948,1.7575866726699685,2.474561008554705,649.1224673570464,7.9112695775788335,31.83746060333183,929.8644754615038,高价值核心群体
1,62.85947910357359,2.366444579043004,8.262281260739316,7.549406828364201,1.9348089164325193,0.43787603472642844,0.051359205099362586,0.09550344668454906,0.0034322632747829595,3.00908540278619,3.122955784373107,0.5331742186072895,0.2969758587868824,0.12550426389009067,0.3658893599838482,236.85674624352703,1.8396729254996973,2.479709267110842,650.6232586311327,7.9239718395368595,31.99152029073289,953.9703210175651,中等价值稳定群体
2,48.804597701149426,3.317241379310345,8.71772366344089,7.643768431745859,2.2359557450930216,0.6614103265827405,0.028347016967706626,0.061740102171136645,0.3447181171319102,4.052777777777778,2.1149425287356323,1.0626272577996714,0.7389189928845101,0.8593035030103996,1.3462356321839082,162.5102835383008,3.424597701149426,2.535632183908046,647.1229885057471,7.938869412903263,30.885057471264368,921.2195402298851,潜力成长群体
3,179.9922480620155,0.003875968992248062,0.014790513708051987,0.014790513708051987,0.0026866169789145165,0.003875968992248062,0.0,0.0,0.0,3.0,3.003875968992248,0.6698105081826011,0.3795727205610927,0.2384243878429925,0.4780361757105943,231.6778618130362,2.118023255813953,2.5193798449612403,654.1705426356589,7.874016137886663,31.430232558139537,941.937984496124,流失风险群体
