cluster,avg(recency_days),avg(order_count),avg(log_total_spent),avg(completion_rate),avg(refund_rate),avg(cancel_rate),avg(review_rate),avg(avg_review_score),avg(click_through_rate),avg(favorite_rate),avg(cart_rate),avg(credit_score),avg(log_account_balance),avg(registration_days),cluster_name
0,43.553086419753086,3.638447971781305,8.852571724838686,0.7118504579880243,0.02243413357169971,0.0504887792983031,0.4727408276614627,4.483480305702528,0.6528882170152012,0.3762293888748916,0.25395103720500545,648.1922398589065,7.921959005602654,927.5611992945327,高价值核心群体
1,60.87783043707214,2.4623486045286995,8.311413098932546,0.449795631786153,0.050089646179693574,0.09650045554468933,0.004133754607688256,3.014218009478673,0.6030651052767956,0.3486960555680934,0.2322928943387079,650.698262243286,7.918084775559351,949.301737756714,潜力成长群体
2,179.48872180451127,0.03383458646616541,0.18647179469067504,0.0037593984962406013,0.0,0.0,0.0,3.0,0.6828738512949039,0.3831945936269245,0.2340732784341807,655.4586466165414,7.881665496269977,948.703007518797,流失风险群体
