cluster,avg(recency_days),avg(order_count),avg(log_total_spent),avg(completion_rate),avg(refund_rate),avg(cancel_rate),avg(avg_review_score),avg(click_through_rate),avg(favorite_rate),avg(cart_rate),avg(credit_score),avg(log_account_balance),cluster_name
0,117.00979431929481,1.1645445641527914,5.675548649435968,0.20910871694417238,0.05239960822722821,0.10561540972902385,3.040156709108717,0.5264011317880074,0.2972793557514419,0.1944899180697418,649.741429970617,7.902788224046123,流失风险群体
1,40.486338797814206,3.5303582270795384,8.871478231881749,0.6725441486598135,0.024897371231615315,0.053863095347612654,4.07280914794576,0.45363214502558763,0.24575743776563452,0.15078365185377934,650.311475409836,7.90832642502676,高价值核心群体
2,49.627737226277375,3.1854014598540146,8.631578606256488,0.6487555145584345,0.03388184807892837,0.0600462554477153,3.9603406326034065,1.6731143552311432,1.0476885644768859,0.7709245742092458,645.4613138686132,7.9897018553128625,潜力成长群体
