cluster,avg(recency_days),avg(order_count),avg(log_total_spent),avg(completion_rate),avg(refund_rate),avg(avg_review_score),avg(click_through_rate),avg(favorite_rate),avg(cart_rate),avg(credit_score),avg(log_account_balance),avg(registration_days),cluster_name
0,49.35020519835842,3.19562243502052,8.643611535649988,0.6449285438683523,0.03519252065763693,3.9694482444140444,1.6132010943912445,1.0458276333789331,0.7466940264477885,646.9439124487004,7.998448305384019,902.7674418604652,潜力成长群体
1,43.6051598429613,3.3883903533370723,8.802709674555256,0.6505370688699347,0.026265266639635684,3.984296130117779,0.44935780163626493,0.2378553178609265,0.14932898004967549,650.0300056085249,7.9070582407391115,936.0886146943354,高价值核心群体
2,135.4950213371266,0.8264580369843528,4.581896273334437,0.1166429587482219,0.055950687529634904,3.019914651493599,0.5635039174512859,0.31013061934114566,0.20625663257242205,649.6870554765292,7.892296435230665,976.8136557610242,流失风险群体
